Example,Structure
Do you want to double your (desired outcome) in (Niche)? Here’s how you can do it:,Do you want to Duplicate Your (desired result) in (Platform/Business)? That's how you do it.
I’m a engineering student and this is the most valuable tip anyone has given to me,I’m a (niche) major and this is the most valuable tip anyone has given to me
3 Apps every content creator should know!,3 Apps every (niche) professional should know!
Here’s another Etsy update you’ll love!,Here’s another (platform) update you’ll love!
Before starting on dog training do this first…,Before (action) do this first…
TikTok Business tools you should save for later. Part 12.,(Niche/Industry/Platform) tools you should save for later. Part 12.
"Here are 3 questions I always ask my new boyfriends, let them psychoanalyze them.","Here are 3 questions I always ask (persona, demographic, audience) on the first day, to psychoanalyze them."
Here's a quote every new parent needs to hear right now.,Here's a quote that every (niche specific person) needs to hear right now.
Here's something I wish I knew before I was in my 30s…,Here's something I wish I knew before I was in my (age range)…
"Parents, do this at home if you want to boost your children's confidence.","Parents, do this at home if you want to increase your children (ideal result)."
"If you really want to blow up your Instagram DMs, you need to stop wasting your time and do it right away.","If you really want to blow up your (business/niche/website/app/occupation), you should stop wasting your time and do it right away."
Here are 5 things you'll do to blow up your Instagram DM this month.,Here are the 5 things you are going to do to blow up your (problem you want to solve) this month.
"Here's a hot opinion... I don't believe in equality in a relationship. I know, let me explain…","Here's a hot shot... I don't believe in (a controversial topic being polorazing). I know, let me explain…"
3 things this book can teach any new parent how to deal with stress easily.,3 things this book can teach (subject/topic) to obtain (desired result/results).
This is how you make a killer photo like Will Smith in Canva.,This is how you realize a (desired product or result) as a (famous person or high authority) on (platform or app).
This is a day in my life as a Google employee in Los Angeles…,This is a day in my life as a (job title) at (your location)…
Dating rules my boyfriend and I broke when we started dating part 8,(Subject) rules my (related subject) and I broke when we started (action) Part 8
There's 1 thing every guy wants at the end of the day...nothing.,There is 1 thing that every (personality/subject) wants at the end of the day... (controversial polarizing oppositional view).
Why men are overhauling society and relationships…,Why (subject) are (something you want to avoid) and (result of avoidance).
"Here are 3 more ways you can shut down a bully, if you don't want to intimidate the person…","Here are 3 more ways you can (desired result, if you don't want to (avoid a conflict) back…"
Did you know...Kanye West divorced his wife but is doing this to keep her married?,Did you know... (something controversial that is currently trending in the news)
"I don't care who you are, I don't care where you are. You can lose up to 20 pounds in 30 days. Just follow these simple and easy steps.","I don't care who you are, I don't care where you are. You can (target they want to hit, within a desired time frame). Just follow these simple and easy steps."
"Ok, let me clarify this. Do you wonder why you are not happy but spend 7 hours a day on social media addicted? Ok, here's the thing…","Ok, let me clarify this. You wonder why (pain point) but spend (things holding them back that they need to get rid of). Ok, here's the thing…"
The strange secret trick to instantly find out if someone is lying to you.,The Weird Secret Trick to Instantly Find Out If (Overcome a Problem and Avoid).
Doing this 1 thing with your dog will help them hear 100 times better. My dog trainer showed me this simple hack.,Doing this 1 thing with your (subject) will help them (target) 100x better. My (authority figure) showed me this simple hack.
"If you are 30 years old and you are not 1000% happy with your fulfillment, listen to it for 20 seconds because this can change your life.",If you are at your (age) and you are not 1000% happy with your (subject) listen for 20 seconds because this can change your life.
Save this video the next time you need to break your back.,Save this video the next time you need (action).
Now this is a quote I read in a war biography.,Now this is a life changer (business/niche/product).
How to make a sweet profile picture like Will Smith in Canva.,How to make a (subject) like (famous person within the niche) on (platform they are familiar with)
"2 facts that can save gas for your car, when you need it most.","(Number) Fact(s) that can save your (common problem), (time constraint)."
"I'm going to be honest, here is a sentence that my children friends tell me that kills me inside.","I'm going to be honest, here's a sentence that my (business/niche/product) tells me that kills me inside."
I wish I knew this was going live on Instagram Tip sooner.,I wish I knew about this tip (common problem) sooner.
Please tell me I'm not the only 1 who just discovered this MacBook trick!,Please tell me I'm not the only 1 who just discovered this trick (business/niche)!
This is how I fix my brakes as a professional mechanic when I'm not teaching at Harvard.,This is how I (adjective/verb) (business/niche/product). As (professional title) in (authority qualifier).
"I learned about this at a mental health seminar and I don't think anyone is talking about this, and a lot of people actually experience this.",I learned about this in (related niche) and I don't think anyone is talking about this. And many people actually experience this.
"Here is something important that I have told my parents, but they refused to believe me.","Here is something important that I have told an (authority), but they refused to believe me."
I just got some news that makes me want to sell all my cars right now!,I just got some news that makes me want to (strange solution) right now!
"If you want the best video editing app for your iPhone, keep watching!","If you want the best (tool/website/app) for your (device), keep watching!"
"If your feelings for your mother-in-law ever hurt, do this immediately!",If you ever get (negative problem) from your (relationship) do this immediately!
Here's a sleep tip that will blow you away!,Here's a tip (common pain point) that will blow your mind!
"Check this out, it's equal parts sad and hilarious.",Look this is equal parts (negative adjective) and (positive adjective).
Here's a sexy trick to get more story views on your Instagram on a budget!,Here's a (adjective) trick to (solution to the problem) on a budget!
Did you know that you can tell how much your boyfriend likes you just by his dogs?,"Do you know that you can tell how much (the person, business, niche) likes just (something strange)"
"Whether you are a real estate agent or a photographer, you can now be with this website called , Hulahoop.com,a,http://hulahoop.com/, let me explain to you.",Whether it's a (niche) or an (ideal niche) you can now be with (tool).
"What do Donald Trump, Oprah and Gandhi have in common? Well, everyone acts first and thinks second.","What does (person/business) have in common (controversial person/business) and (person/business)? Well, everyone (desired relatable outcome)"
Something crazy happened in the gaming space this past week that is a total game-changer and changed the gaming industry forever. Let me tell you about that.,Something crazy happened in the (industry/niche) space this last week that is a total game changer and changed everything forever. Let me tell you about that.
"Ok, here's a story I love. This is how Elon Musk was able to become a billionaire by riding the train every day.","Ok, here's a story I love. This is how (popular figure) was able to (ideal target) with only (relatable current struggle/limiting)!"
"So I have this theory about why music artists will take over the music industry, and I'll show you why.",So I have this theory about why (ideal niche outcome) will be (positive adjective) (time frame) and I'll show you why.
Here's the story of Mark Zuckerberg's strange relationship with McDonalds.,Here is the story of (controversial in niche) and it is (negative adjective) (dynamic).
,
What I learned being a homeless dropout in my 20s.,What I learned to be a (controversial descriptor) while I was at my (age).
So this just happened at Walmart in New York.,"So this just happened in (location, niche, business)"
,+500 Viral Hooks
I asked the business owners on my Instagram page to ask me their top problems when it comes to Instagram. This is what they had to say.,I asked (client/niche) on my Instagram page to DM me their (problem you can solve). This is what they had to say.
I wish I knew this sooner. Why didn't anyone tell me that you can return any items at Costco at any time?,I wish I knew this sooner.
Our worst fears are coming to life! Wholefoods is slowly becoming Walmart!,Our worst fears are coming to life! (currently positive in niche) is becoming (past negative in niche).
2 questions Mechanics are done all the time.,(Number) Questions (Business/Niche/Title) Are asked all the time.
I became a full-time content creator in 12 months. This is how I did it.,I became a full-time (desired job or occupation) in (short term). This is how I did it.
Here's something I realized in my 30s.,Here's something I noticed in my (age range).
"If I was on a desert island and could only take 1 supplement with me, I would take magnesium.","If I were on a desert island and could only take 1 (product/equipment/technology related to your niche/industry) with me, I would take (product/equipment/technology related to your niche/industry)."
Here's 1 simple trick to build confidence or reduce social anxiety. Next time…,Here's 1 simple trick for (a common problem your audience wants to avoid) or (another common problem your audience wants to avoid). Next time…
You are wrong if you think that every old video game console is a lot of money. For example…,You are wrong if you think that every (specific niche-related topic or topic) is (ideal outcome). For example…
Here are 3 things you should ask your partner to get on the same page about sex. #1.,Here are (number) things you should ask (niche specific person or entity) who is on the same page about (polarize subject or topic). #1 .…
How do you let go of someone you were in love with?,How are you (common problem holding them) (verb) (desired outcome they are trying to solve)?
"Hashbrowns are for Wimps, you can do better. We're making a potato galette. It's French","(The easily recognizable common and beloved element) is for (negative adjective), you can do better. We are (adjective) (something new and better). It is (something elegant)."
3 things I learned from Robert Greene,3 things I learned from (Author figure/authority/famous person).
I'm about to show you exactly how thoughts create reality.,I'm about to show you exactly how (the common problem most people face).
I picked up some strange habits during 19 years of prison.,I picked up some strange habits during (time frame) at (title/job title).
Stop... What is this?,Stop... What is this?
"If you buy anything at Home Depot, you should see this.","If you buy something at (common business), you should see this."
Here are my absolute brushes that I use in my painting kit that I will never stop using.,"Here is my absolute choice (website, apps, tools, resources) that I use in my (industry, job title, niche, professional title) that I will never stop using."
Try this eyeliner technique!,"Use this technique (niche, demographic, type of business)!"
Instagram just launched a new feature and I'm so excited about it! Let me break it down.,(Platform) I just launched a new feature and I'm very excited about it. Let me break it down.
"Ok, so this hair dryer is literally breaking the internet…","Ok, this (product) is literally breaking the internet…"
Here is my favorite moisturizing cream that I use daily.,Here is my favorite (product) that I use daily.
"So, you want to create professional-looking flyer designs, but you don't know which websites or programs to use. Let me help you!",So you want (action) (Point Point retense again) but you don't know what (Program/Service/Product/Resource) to use. Let me help you!
Ok you...me.,Ok guys... I.. I just found the craziest hack (niche related topic/topic) ever!
I don't know why no one is talking about this curly hair trick on Tiktok yet. So... I'm going to do it.,I don't know why no one is talking about this hack (Industry/Niche/Social Platform) on Tiktok yet. So... I'm going to do it.
"Ok, parents look at this website for kids during summer vacation!",OK (Job Title/Niche/Industry) Check This Out (Website/App/Tool/Platform)
"If you have a plant obsession, this is the coolest website! Check it out.","If you have a (specific niche), this is the best (product) ever! Check it out."
The Amazon product that I think is underrated should be a crime!,"(Product) Which I think is underrated, it should be a crime!"
"This website has helped 100's of 1,000's of marketers skyrocket their content literally overnight!","This (website/tool/app) has helped 100 out of 1,000's (niche related job title) shoot their content literally overnight!"
"Influencer websites, you need to bookmark it! Part 42",(Niche / industrial / platform) Websites you should bookmark! Part (high number).
Here's the #1 thing you should think about when it comes to buying foundation.,Here is the #1 thing you should think about when it comes to purchasing (subject/object/service related to your niche).
Use this lens to get killer photos in even the darkest rooms!,Use this (product) to get killer (problem you are trying to solve/stuck).
Here are my top 3 photo hacks!,Here are my top 3 hacks (Title/Industry/Niche/Professional Title)!
Stop using Canva for your videos. Use this instead!,Stop using (website/tool/platform/app) for your (relative to the first part you choose) Use this instead!
These videos only for people who are currently going through low views on Tiktok or want to avoid low views on Tiktok in the future.,These videos only for people who are currently going through (common pain point/problem) or want to prevent (common pain point/problem) in the future.
"Cosplayers, this wig will change your life!",(niche/title/industry) This (product) will change your life!
I just discovered this photo editing app and I need to share it with you!,"I just discovered this (apps, websites, tools, YouTube channels, podcasts, books) and I need to share it with you!"
If you're working or in influencer marketing...you need to hear this first!,If you are working or entering (your niche/industry)...you need to listen to this first!
"I suggest you read this book, Hooked.","I highly suggest (activity) this (book, podcast, resources, study, etc.) (title of what you just suggested)"
"This is the easiest way to get more Instagram followers who actually engage with your content, literally right now!",Here's the easiest way to get (common pain/frustration point) literally right now!
Here's another incredibly useful kitchen find you'll want to know about sooner!,Here's another incredibly useful (product) you wish you knew about sooner!
"I beg you...if you are a parent, just try this…","I'm begging you...if you're a (title/niche/industry), just try this…"
3 incredibly useful plugins that are about to change your life!,(number) Incredibly useful (product) that is about to change your life!
This Instagram trick skyrocketed my Instagram story views!,This hack (social platform) skyrocketed my (desire/pain point related to that social platform)
This is how you can create Instagram infographics in just 20 minutes.,This is how you can create (product/service/resource/content) in just (time frame).
I had to buy one of these! [Cup of coffee] Let me explain what it does…,I had to buy one of these [show product] Let me explain what it does…
"I'll show you 1 of my favorite websites that help you create content for Instagram, literally in a matter of minutes, all for free!","I'll show you 1 of my favorite (website/app/tool) that helps you (action) (common problem/pain point/frustration) (time frame, low cost)!"
"If you're a flight attendant with zero time to get ready in the morning, this is for you!",If you are a (job title/industry/niche/professional title) with (current pain point/frustration)!!!!!!!! !!!!!!
Mompreneurs! You should know about this tool if you want to create content that speaks directly to your audience.,(Job Title/Industry/Niche/Professional Title) You need to know about this (website/app/tool) if you want to create content that speaks directly to your audience.
Things you didn't know you can do on Instagram!,Things you didn't know you can do (Platform / Website / App / Social).
"Here's a crazy social media hack you're not ready to hear, but... it's honestly the truth.","Here's a crazy (social platform/related niche/industry topic) hack that you're not ready to hear, but... it's honestly the truth."
This 1 thing will make people more likely to check your Instagram.,This 1 thing will make people much more likely to visit your (website/platform/niche/industry)
"Here's a real trick for airbrush makeup. No, this is not clickbait.","Here is a real trick for (subject/theme/platform/application). No, this is not clickbait."
Here are 3 things you should wear if you're a stay-at-home mom.,Here are 3 things you should use if you are a (niche/title/relationship).
5 Best Healthy Things to Do in Austin…,5 Best (what your viewer wants/wants) things to do in (location)…
This is the easiest way to get photoshoot quality photos just using the lighting in your bathroom and your phone.,This is the easiest way to get (desired result) just using (easiest method that everyone can use/has available)
"Do you spend too much to find the perfect aesthetic? Well, listen!","Do you (action you want to avoid) too much to get (goal)? Well, listen!"
"Don't buy that, use this instead part 30","Don't buy that, use this part (high number)"
Do you want your home to look expensive? Then listen... right now!,Do you want your (subject/theme) to look like (desired ideal outcome)? Then listen... right now!
Here's another introvert trick I guarantee you didn't know about.,"Here's another trick (personality type/high authority title), I guarantee I didn't know about."
I bought it so you don't have to... Part 40.,I bought it so you don't have to... part (high number)
This makeup hack could break the Internet…,This (niche-specific) hack could break the Internet…
"Listen y'all, I'm only going to say this once! …","Listen y'all, I'm only going to say this once! …"
Here are 2 of my favorite auto mechanic soaps at Walmart that you have to try!,"Here is (number) of my favorite (industry/niche), (business/niche/product) on (website/app) you must try!"
This is 1 of the most underrated pieces of photography equipment. Let's talk about.…,This is 1 of the most underrated pieces of the most underrated team (subject). Let's talk about.…
"Alright guys, I found it! The goat of all video cameras for live streaming. This can make your lighting look like a movie in 3 minutes or less.","Alright guys, I found it! Everyone's goat (product/service/website). This thing can (result/desired outcome) in (ideal time frame)."
"If you are in the makeup industry, you need this mirror.","If you are in the industry (business/niche), you need this (business/niche/product)."
"I don't know who needs to hear this, but they're probably creating Instagram stories all wrong. Let me tell you why.","I don't know who needs to hear this, but it's probably (action) (business/niche/product) wrong. Let me tell you why."
If you shop at Target you have to see this!,If you shop in (business/niche) you have to see this!
"Listen! Here are 2 tips I want you to know, to make sure you get a new computer for the cheapest price, the right way!","Listen! Here are (number) tips I want you to know, to make sure you can get a (desired result), the right way!"
"I just want to ask you something. Why do people say they want flawless skin, but they aren't using this simple tip?",I just want to ask you something. Why do people say they want (desired result) but aren't using this simple tip?
"I'll show you in 2 minutes how to properly create 30 days of Instagram content. Because if you're not doing it this way, you're missing out hugely!","I will show you in (short time frame) how to correctly (desired result). Because if you're not doing it this way, you're missing out hugely!"
Here's the exact outfit you should wear if you want to get hired on the spot.,Here is the exact (business/niche/product) if you want (desired outcome).
These tires are guaranteed to increase how far you can go on your next trail.,This (tool/website/app/product) is guaranteed (positive adjective) your (desired result).
"Here's how you can get the clean girl aesthetic, without breaking the bank every time!",This is how you can (desire results) without (problem) every time!
Let me show you how to make the fastest and cheapest computer on a budget.,Let me show you how to make the (positive adjective) and (ideal outcome) (product)
2 Dating Apps You Wish You Knew Before,(number) (business/niche/industry) (tool/website/app) I wish I knew this sooner
Keep watching to see the most useful meal preps for 2022.,Keep looking to see the most useful (tool/website/app) for the (time period)
The best full glam I've ever done.,The best (unique strategy/technique) I've ever done.
"Alright, if you're not a dog parent, keep scrolling. This is not for you.","Alright, if you're not a (personal title) keep scrolling. This is not for you."
"This is one of the best strategies when it comes to getting a professional look on a budget, that you can use right now. So listen up!",This is 1 of the best strategies when it comes to (common problem) that you can use right now. So listen up!
"When it comes to getting more followers on my Instagram, I only rely on 1 hack. Let me teach you.",When it comes to (ideal result) I only trust 1 hack. Let me teach you
Curly Hair Secret No One Is Talking About!,(Solution to the problem) Secret that no one is talking about!
"There is 1 concealer hack that you are not using, but you absolutely should.",There is 1 trick (product) you are not using but you absolutely should!
"This is probably my best tip, and it's exactly what I use to get perfect foundation coverage. I can't believe I'm going to share this. It's exactly what I use to take all my IG photos.","This is probably my best advice, and it's exactly what I use to get (solution to the problem). I can't believe I'm going to share this...it's exactly what I use (solution to the problem)."
"I'm a dog trainer and I've tried 3 different dog walking services for puppies, so you don't have to!",I'm a (professional/authority) and I've tried 6 different (tools/ideas) (problem you have) so you don't have to!
Do you want to know the secret to creating the perfect date outfit? All your favorite influencers apply this same trick.,Do you want to know the secret to creating the perfect (ideal result)? Your favorite (Influencer/Model) applies this same trick.
"If you have a problem with gaining muscle or are sore all the time during workouts, you might want to try this protein powder today!","If you have (problem) or are experiencing (problem effect), you may want to try this (proven method) today."
"This is how I fixed 10,000 pipes in New York with my plumbing company.",This is how I (Acton/Problem you solve) (item you are familiar with) for my (product/service)
I tried 3 Tiktok BBQ recipes in the microwave and this 1 was the best.,I tried (number) (niche) techniques on (tool/idea) and this 1 is the best.
Nobody was going to tell me that YouTube has courses that have been around forever?,No one was going to tell me that (single problem or talking point) has been around forever?
What is the difference between,What is the difference between (like-for-like) and (like-for-like)? Let me explain.
"The plumbers this is pretty interesting, you'll want to check this out.","(Client/Niche) This one is pretty interesting, you'll want to check this out."
This new app will allow you to book 10x more calls in less than 30 days.,This (tool) will allow you to (overcome the problem) in less than (ideal time frame).
"If you are a lawyer, listen up!",If you are a (your profession) Listen!
3 easy-to-remember tips for dirty refrigerators.,(number) Easy to remember tips for (problem).
That's why your Facebook ad isn't working.,That's why your (problem/product) doesn't work.
No one is talking about how goat yoga is taking over the yoga industry.,Nobody talks about the (single subject within the niche) is taking over the (niche/subject)
"Fitness experts, here's something I bet you didn't know…",(Client/niche) Here's something I bet you didn't know…
Here's a quick trick that will get you results fast!,Here's a quick (business/niche/product) hack that will get you results fast!
"Small business owners, you won't believe this!",(Customer/Niche) You won't believe this.
I bought these LED lights so you don't have to. Let me show you the pros and cons.,I bought this (website/tool/app) so I don't have to. Let me show you the pros and cons.
Now look at this life of life. If you…,Now look at this life of life. If you (common problem your audience wants to avoid)
"Wait 1 more thing, and then I'll literally go to sleep. So it's called morning affirmations.","Wait 1 more thing, and then I'll literally go to sleep. Then it is called (your theme/subject)."
There is 1 thing you should do before you start posting any content like this.,There is 1 thing you should do before you start (common practice they are doing that most people know is really a mistake).
You won't believe what I found at Goodwill…,"You won't believe what I found in (location, place or niche related settings)…"
"Hey, do you know about these secret Costco hacks?","Hey, do you know about these secret hacks (specific topic or topic related to niche)?"
Quick advice for men that no one asked me for.,Quick tip for (business/niche/website/app/occupation) that no one asked me for.
"Men, I am about to share with you 1 thing that will make you irresistible to all women. Please use this responsibly.",(Occupation/Gender/Business Title) I'm about to share with you 1 thing that will make you irresistible to everyone (desired outcome targeting a specific demographic). Please use this responsibly.
"I wear my headphones like this, so... I don't end up like this…","I carry my (common item, clothing, niche, object) like this, so... I don't end up like this…"
3 places to go when you are in Japan,3 places to go when you are (location/place/country/experience).
"Put this 1 makeup tool in your bag, if you don't want to take hours on a client.",Put this 1 (thing) in your (business/niche/strategy) if you don't want it (negative outcome they want to avoid).
This Lifehack will save you a lot of time. Stop eating vegetables.,This Lifehack will save you a lot of time. (1 liner that is polarizing a common belief related to the niche).
Here's a crazy tarp hack you won't believe is possible.,Here's a crazy hack (tool/website/app) that you won't believe is possible.
Why is no one talking about this MacBook hack?,Why isn't someone talking about this hack (business/niche/product)?
Do you want to double your sales on LinkedIn? This is how you do it.,Do you want to Duplicate Your (desired result) in (Platform/Business)? That's how you do it.
"Lawyers stop moving! Lawyers If you want to prepare for the long term, listen up!","(Job Title/Industry/Niche/Professional Title) stop scrolling! (Job Title/Industry/Niche/Professional Title) If You Want to Prepare for the Long Term, Listen Up!"
"If I were restarting my career in marketing, this is exactly what I would do!","If I were Restarting my Career in (Niche, Demographic, Business Type), THIS IS WHAT I WOULD DO!"
Here's a cool Pinterest trick you need to know!,Here's a Cool (Platform/Platform/Platform/Website) Trick You Need to Know!
Top 5 Apps I Use to Run My Los Angeles Marketing Agency,Top 5 (Apps/Tools/Website) I Use to Run My (Niche/Job Title)
2 YouTube Updates You Absolutely Need to Know! Grab your pen and paper we're in!,2 (apps/social platforms) Updates You Absolutely Need to Know About! Grab Your Pen and Paper We Enter!
Are you a business owner looking to grow your LinkedIn with your ideal client?,Are you a Business Owner and Want to Grow Your (Platform/Product/Service) with Your Ideal Client?
"Trust me when I tell you... this new app, that's totally free, will be a game changer for you!","Trust Me When I Tell You... This New (Website/Tool/App), That's Totally Free, Will Be a Game Changer for You!"
Bet you didn't know about this sneaky Twitter trick!,Bet you didn't know this sneaky trick (platform/website/app/Tools/Social Platform)!
"Do you want to see a sneak peek of my top 10 Tiktok growth hacks, of course I just created?","Do you want to see A Preview of Me (Free Resource You Have to Download), I Just Cear?"
Here are 3 websites I would use if I wanted to create a landing page for under $50.,"Here Are The 3 (Tools, Websites, Apps) You Would Use If You Wanted to Create a (Product or Service Related to Your Niche) for Less Than (Low Cost Number)"
Do this if you want to start monetizing your email list you've built!,DO THIS IF YOU WANT TO START MONETIZING YOUR (SOCIAL PLATFORM / INDUSTRY RELATED / Special NICHE)!
The Top 3 Books You Should Read If You're Trying to Start a Weekend Side Hustle.,Top 3 Libraries You Should Read If You're Trying to Start a (Degree/Industry/Niche).
3 Tutorial Websites You Should Know If You Want to Get Better at Design!,3 (Website / Tool / Platform / Application) You Should Know If You Want to Improve (Related to Your Product / Service)
This is the #1 reason I see local restaurants going out of business.,This is the #1 Reason I See (Niche/Industry/Professional Title) Going Out of the Business.
"How to Be Really Good at Writing Most people say read a book. Instead, try this.","HOW TO BE REALLY GOOD (Common Problem to be solved). Most People Say (Common Method) Instead, Try This."
This is how I audit a new client website…,This is how I (action/service you provide) a New (Customer/Customer) (what your service focuses on)…
"If you're struggling to get more views on your reels, steal this strategy!","If You Are Struggling (Common Rel-Rel-Rel Problem With Your Product or Service), Steal This Strategy!"
Here's something I learned as a plumber who made me over 1 million dollars in my business.,Here's Something I Learned As a (Job Title/Industry/Niche/Professional Title) that has surpassed me (Dollar Amount) in my business.
Awesome apps you should start paying attention to... right now!,(Adjective) (Website / Tool / Platform / Application) You Should Start Paying Attention To... Right Now!
"This is the exact strategy I use for my clients on how to scale your email list to 100k subscribers, which you can steal!","This is the exact strategy I use for my clients ON HOW (The problem to be solved), which can steal!"
"If you're looking to get into programming, here are 3 websites you should check out right away!","If You Are Looking To Break In (Your Niche/Industry) Here Are 3 (Websites/Application/Tool), You Should Visit Right Away!"
The first thing you should invest in in your business is a virtual assistant.,The first thing you should invest in is your business (name is it).
"Ok, here's a simple brain hack I used last year to 10x my email list.","Ok, here's a simple Brilliant menthe hack that I used last year for 10 times my (something related to your product or service)."
Here's what you can expect when you work with a real web designer professional like me…,THIS IS What You Can Expect When Working With A Real Professional (Your Niche/Industry/Job/Job) Like…
"This is one of the easiest strategies when it comes to growing on Instagram, that no one talks about.",THIS IS 1 OF THE EASIEST STRATEGIES WHEN IT COMES TO (SOCIAL PLATFORM / WEBSITE / APP / RESOURCES / COMMUNITY) THAT NO ONE TALKS ABOUT!
"I'll show you how to get unstuck for more leads in just 1 video! Listen, because this 1 is crazy.","I'll show you how to get unstuck (The Pain Point They Are Suffering) in Just 1 Video! Listen, Because this 1 is crazy."
This is the easiest way to create a logo for your website.,This is the easiest way to build (something you want but are hesitant about) for (platform/website/place you're building).
"Stop using Canva, use this tool instead!",Stop Using (Website/Tool/Application/Common Resources) Use Us (New Website/Tool/Application/Platform/Resource) Instead!
This is how you really keep your car from overheating from a mechanical engineers perspective.,This is How I Really Realize (The Pain Point Is Suffering-) From One Perspective (High Authority Title / Title Related To The Pain Point).
"Here's a website that helps you build an app, without knowing how to code!",Here Is A Website That Helps You (Action) (Pain Point).
Here's another website for Instagram you should bookmark!,Here's Another Website for (Niche/Industry/Topic) You Should Bookmark!
Hello small business owners and stay at home moms. Here's the #1 thing I see you doing wrong!,Hello (Industry Title) and (Niche Title) Here's the #1 Thing I See You're Doing Wrong!
"Here's a trick I used to make my first logo for my business, before I didn't have the money to buy one.","Here's a Trick I Used to Do First (Something Related to Your Business) for My Business, Before I Had No Money to Buy One."
"3 hard pills from a lawyer. Hang in there and listen to them all because once you clear them up, it will make it a lot easier for you.","3 Pills differs from a (Job Title/Authority). Hang in there and listen to them all because once you clear them up, it will make it a lot easier for you."
"If you own a business, you need to see this!","If You Have a Business, You Need to See This!"
Marketing secret you need to know…,(Your Niche) Secret You Need to Know…
"If you are a videographer looking to book more clients, you need to do these 2 things in 2022.",IF YOU ARE A (Professional Title) Seeking (Desired Result) You Have to Do These 2 Things in 2022.
"If you give me 30 seconds, I will show you a free app that will change your business.","If You Give Me (Short Time Frame), I Will Give You a (Resource, App, Website) That Will Change Your Business."
This is how you can steal Elon Musks Twitter technique and use it for yourself!,This is how you can steal (name/brand/public figure/recognizable public figure) (subject) and use it for yourself!
"These are my secrets to getting hired at a law firm, from a top lawyer in the world.","These are my secrets for (desired outcome which is a Pain Point) in (Subject/Location/Place), from a Top (Title of Authority in that Niche/Space) in the World."
Here's something most Tiktok marketing gurus don't talk about when it comes to starting an ECOM brand.,"Here's something most tiktok gurus (title) don't talk about when it comes to (something that's often talked about in their industry, but you think it's wrong)."
"What is 1 site, rich people don't want you to know about Part 12?",What is 1 Site (High Desire Subject/Topic) People Don't Want You to Know About Part (High Number)
Here is a website that feels illegal to know part (high number),Here Is A Website That Feels Illegal Know Part (High Number)
"How to sound more high status on sales calls, I wish I knew sooner.","HOW TO SOUND MORE (ideal result/desire) in (niche type action), than you would like to know before."
Hard pill from a licensed therapist…,Hard Pill of A (High Authority Professional Title) …
"There is a trick to learning marketing that is so beloved, it almost makes me angry.","There Is a Trick for Learning (Subject/Theme) That Is So Appreciated, It Almost Makes Me Angry."
Here's another secret that nerds don't want you to know about…,Here's Another Secret (High Authority Nickname/Jargon Title) He Doesn't Want You To Know About…
You absolutely need this free tool to paint your house for much less.,You Absolutely Need This Free Tool for (Common Problem)
The chiropractic industry doesn't want you to know this. So if I'm missing after this...now you know.,The Industry (Business/Niche/Product) Doesn't Want You to Know This One. So if I'm missing after this... Now you know.
You're creating your Instagram ads wrong. I will teach you the proper way.,YOU ARE (Action) Your (Niche) wrong. I'll Teach You the Right Way.
Here's how to stop avoiding the things you need to do in your professional life.,Here We Show You How to Stop Avoiding the Things You Need to Do in Your Life (Subject/Theme).
"Ok, I want to share a website that you absolutely need if you are a high school student.","Ok, I Want to Share a (Tool/Website/Application) That You Absolutely Need (Industry/Niche)."
3 more marketing hacks I learned working at Vayner Media.,(Number) More (Business / Niche) I Learned to Work (High Authority Company).
"If you run a local restaurant, you'll enjoy this video and won't see it coming.","If You Run a (Business/Niche), You Will Enjoy This Video and Won't See It Coming."
"This is a trick used by Amazon to explain how their shipping warehouses work, simply.",This is a trick used by (authority figure/mark) to explain (problem) simply.
Is no one talking about this Tiktok ad strategy?,NO ONE IS TALKING ABOUT THIS Strategy (Solution to the Problem)
This is how you can market like Chick-fil-A.,Here's How You Can Market As (Figure/Authority Mark).
"Here's a quick tip to look and feel more comfortable on sales calls, instead of telling yourself to calm down.","Here's a Quick Tip to See and Feel More (Problem Solution), Instead of (Common Belief)."
"If you have just started your plumbing business, you have to check this out.","If You Just Started Your (Business/Niche), You Have To Check This Out."
"You have to check this website. It's called , Popsters.com,a,http://popsters.com/, and it's absolutely wild.",You Have to See This (Website / Tool). It's called (Website / Tool) and it's Absolutely Wild!
"The next time you deal with a customer who refuses to listen, try this technique that Elon Musk does with his customers.","The Next Time you hook up with someone with a (Common Problem) who refuses to listen, try this technique they use (High Authority)."
"What to know about Secret to Under Armours' Twitter strategy? Well, it's called the 1:1:1 method.",Do You Want to Know the Secret of Strategy (Business / Niche) (Platform)?
TikTok revealed some shocking facts! 100 million people say they watch Tiktok on YouTube every day,(Platform/Tool) Revealed Some Shocking New Data Insights!
How did Kevin Hart use Reddit to become the world's biggest comedian?,HOW DID YOU USE (POPULAR FIGURE OR BUSINESS) (SOCIAL MEDIA/PLATFORM) TO BECOME THE MOST IMPORTANT THING SINCE SLICED BREAD?
"If you work with plumbers, you need to hear this!",If You Work With (Niche Clients) YOU NEED TO HEAR THIS!
"This is how I got 30 high-priced clients in 26 days. I'll show you how I made this, so if you're in the marketing space, it stays!","This is how I did (Number) (Desiring Solution) in (Time Frame). I'll show you how I made this one, so if you're in (their niche) it stays!"
Did you know how McDonalds exploded in popularity?,Did you know HOW (Business/Niche) EXPLODED IN POPULARITY?
Have you ever noticed how new plumbers get more clients and callbacks even though their business could be better? Here's why that's happening…,Don't you ever have how (Business/Niche) get more (ideal outcome) a pessary that yours could be better? He's Here Why It's Happening…
This is how the auto industry tricks you into buying their upgrades.,This is how (your niche or business) Tricks you into buying (ProductOr or Service).
"Here is a tip from a professional lawyer, which can save you a lot of money on legal fees.",Here's Some Advice From A Professional (Business/Position) That Can Save You A Lot Of (Problem You Have).
Listen if you want to every text message you have sent from your cell phone provider.,Listen If You Want (Controversial/Issue) from (Niche or Business).
"Most marketers won't tell you this, because they are too busy making money from it. But let me give you a look.","Most (Niche Customers) Won't Tell You This, Because They're Too Busy Making Money Cont. But Let Me Give You A Look."
The #1 thing I tell every plumber who wants more clients is this!,The #1 Thing I Tell Every (Client Title/Niche) (Ideal Outcome) is This!
Did you know that makeup artists are bullied more than any other professional?,Did you know that (industry/niche) earns (the opposite of what most people do) more than any other profession?
"If you want to know how annoying they think you are, watch until the end!","If You Want to Know HOW (Inverted Belief) You Think You Are, Look to the End!"
3 free apps to create great YouTube thumbnails.,(Number) Free (Tool / Website / App) To Create Excellent (Desired Result)
"How I got 300 paying clients in advance, in 72 hours.",How I got (Solution OR ideal result) in (Time Frame).
3 Reasons Why Getting a Lawyer Won't Work!,3 Reasons Why (Wrong Solution) No Functions
Here's something really important that every new business owner should have been taught in school…,Here's Something Really MATTERS ABOUT EVERY (BUSINESS/NICHE) SHOULD HAVE BEEN Taught in School…
2 sales tricks you didn't know were being used on you.,(Number) (Business / Niche) Tricks you didn't know were being used on you.
This is why your Instagram story strategy isn't working.,That's why your (Product or Problem) has no functions.
The Top 3 Sites I Use to Save Time as a Leasing Agent.,Top Sites (Number) I use to save time like (business/niche/professional title).
Please tell me I'm not the only person who just figured this out as a sales rep. I've been doing sales for 15 years and I'm just thinking about this now.,Please tell me I'm not the only person who just considered this as a (professional title/occupation). He Been Doing (adjective related to title/professional occupation) for (time frame) and I am now resolving this now.
Do you want to double your sales on LinkedIn? This is how you do it.,Do you want to Duplicate Your (desired result) in (Platform/Business)? That's how you do it.
"Hello guys, today I am going to talk about 5 applications that all filmmakers need for their videos. Let us begin.","Hello Guys, Today I'm Going to Talk About (Number) (Tool/Website/Application) Everyone (Niche/Niche/Professional Title) Need for Their (Niche Related Product). Let us begin."
This is how you will begin to build generational wealth for your family using life insurance.,This is how you will begin to build (desired outcome/common problems) for your (something personal to the Viewer) Using (Product or Service Related to the Niche).
"If you work with data, this will make a lot of sense to you.","If you are working with (Subject or Special Topic Rel -Rel -Rel -related with niche), this will make a lot of sense to you."
Here's more on how to reduce your inflammation naturally from a nutritionist.,Here's More on HOW to Reduce Your (Common Problem) (Preferred Method) from a (Business/Niche/Professional Degree).
"How much money do I make as a video game designer? Let's talk about it because salary transparency is very important. Hello, my name is Victoria, I work in post-production in the television industry and live in New York City.","How Much Money Do I Make as a (Business Title/Niche/Professional)? Let's talk about it because salary transparency is very important. Hello, my name is (your name), I work at (Job Title) in (Industry) and I live in (Location)."
"Here's the first episode of I Heting Mistakes, Expensive, so you don't have to. Regarding the publication of a children's book.","Here's The First Episode of ""I Made Mistakes"", Caros, so you don't have to. With respect to (specific subject or topic related to niche)."
"If you have ever wanted to train or correct behavior, save this video. I will teach you the 3 tactics that most people will mention when you try to train them.",Video of Gente Este. I Will Teach You The (Number) (Tactical Code / Strategy / Trick) That Most People Will Mention When They Try (The Common Problem They Have).
Why I don't use Linktree and you shouldn't either!,Why I Don't Use (Website / Tool / App) and Neither Do You!
I bet you didn't know how easy it was to design a flyer in Microsoft Word...let me show you…,I bet you didn't know how easy it was to (action or niche related topic) on (website/tool/app). Let me teach you …
This is how you are losing money on your Facebook ads.,This is the way you are (Real problem that you desperately want to avoid) on your (platform and/or service that they are doing this on).
"I'm a facial plastic surgeon, and here are some cheap hair growth hacks that make me zero dollars.",Soy a (Job Title/Occupation/Authority Based on Authority). And Here Are Some Cheap Hacks for (the problem you are trying to solve for yourself which is a quick and easy win) that make me zero dollars.
This is for the person who has zero time to make video content for their business.,"THIS IS FOR THE PERPET WHO HAS ZERO TIME FOR (something they know they SHOULD DO for their business, but they put it off or make excuses for it) for their business."
"This is how you work smarter, not harder when you come up with new content ideas…","This is how you work Smarter, not Harder when you come up with new (topic or topic related to the niche that is a real frustration or pain point)…"
Here is a way to get easy access to people to get a job in 2022. Step 1…,Here's a Way to Get Easy Access to People (Problem Facing/Ideal Outcome) IN 2022. STEP 1…
This is a script to use when your partner is trying to have a conversation with you and it is not a good time for you to have that conversation.,THIS IS A SCRIPT TO USE WHEN (Person/Customer/Ideal Client) You Are Trying To (The Common Situation You Are Trying To Avoid or Don't Know HOW TO Do It In A Way Will Lead To The Desired Result).
"4 therapist mistakes I have made with clients. I wish I could recover, and so you should call your own therapist.","(NUMBER) (Business Title/Niche/Professional) Mistakes I Have Made With Clients. You Wish You Could Recover, And You Should Call Your Own (Business/Niche/Professional Title) For."
"If I were a brand, with a marketing budget of $10,000 per month, I would highly consider this strategy. And no one is doing these things right now.","If I were a (Occupation, Gender, Business Title), With One (Number) Budget Per Month (Niche), I Would Strongly Consider Strategy. AND NO ONE IS DOING THESE THINGS RIGHT NOW."
"Only do this if you want to grow your social media faster, if you don't, keep scrolling.","Only Do This If You Want To GROW YOUR (Business/Niche/Common Problem), If You Don't, Keep Scrolling."
This is getting scary and could be really bad for all real estate agents.,THIS IS SCARY AND COULD BE REALLY BAD FOR EVERYONE (OCCUPANCY/NICHE/INDUSTRY). DeJame Explain.
Here are 5 excuses you can use to get out of something that doesn't have work hours.,Here Are (Number) Excuses You Can Use (Objection Towards a Problem of Problems).
Here's a brand secret you need to know.,Here's a Secret (Business/Niche/Website/Application/Occupation) You Need to Know.
This is how I would blow up my Instagram if I were a small product-based business.,This is how I would exploit my (platform/website/occupation/social media platform) if I were a product-based Small Business.
This is how you stretch before exercising.,This is how I LIKE YOU (COMMON PRACTICE / Strategy / Technique) Before You (Niche-Special Action Related to the Niche)
This is how Airbnb pays for my $1 million home in Los Angeles,"This is how (Brand or recognizable name) Pay for my (CostaSa Item or Amount) (Location, Configuration or Highly Desired Thing)."
Do you want to hear the 2 biggest problems I see as a dog trainer over and over again? #1 is .…,Do You Want to Hear The 2 MOST IMPORTANT Problems I SEE AS (Job Title/Occupation) OVER AND OVER? #1 is .…
"If you're an independent artist, it's your lucky day. I'm about to show you how to organically get your new song on 100+ Spotify playlists.",If you are a (Job Title / Occupation / Title) it is your day of sute. I am an organic Show You HOW Point (desired ideal outcome that speaks to a Common Pain Point).
Avoid these 2 things if you are trying to make money on Tiktok.,Avoid these 2 things if you are trying to (goal/desired result)
1 of the hardest but easiest questions you can get for a college interview is this…,1 of the hardest but easiest questions you can get for a (subject/topic/niche/pain point) is this…
"This is parenting advice, I really wish I knew when it was starting…",This is a tip (niche related/industry related) that I really wish I knew when I was starting out…
Avoid these 2 daily habits if you are trying to lose weight this month. What are they?,Avoid these 2 daily habits if you are trying to (a goal they want to achieve). What are they?
This is how I cured my heartbreak very easily!,This is how I (action that is a common pain point for most people) super easily!
Here's a new mental health podcast that I'm absolutely obsessed with!,Here's a new (website/tool/app/resource/profile/podcast/book) that I'm absolutely obsessed with!
This is how I plan 30 days of content in 30 minutes.,This is how I plan (time frame) of (content/resources/etc.) in (time).
If I had 1 quote to share with all the single moms out there...this is what it would be!,"If I had 1 quote to share with everyone (niche, demographic, business type) out there...this is what it would be!"
Here's a mindset hack I recently discovered that changed the game for me.,Here's a hack (topic/niche/subject) I recently discovered that changed the game for me.
So this is the best kept secret on how to get into all the influencer events!,So here's the best kept secret on how to (overcome a common pain point).
Here are some awesome Instagram tips!,Here are some awesome tips (niche related topic)!
Apparently Tiktok doesn't want me to show you this…,Apparently... (social platform/website) doesn't want me to show them this…
Podcasts that will only make your morning better!,"(Apps, websites, tools, YouTube channels, podcasts, books) that will only do your. (time of day) Better!"
Pssst...I'm not supposed to talk about this,Pssst...I'm not supposed to talk about this
"Stop what you're doing, because Tiktok went and changed some shit again! This is what you need to know.","Stop what you're doing, because (social platform) just went and changed some shit again! This is what you need to know."
Do you want a super easy way to create better Instagram Stories?,Do you want a super easy way to create better (Content Type / Platform / App / Resource / Product / Service)?
"Ok, then this website is going to do something for you! I almost don't want to share it with you.","Ok, so this (website/tool/app/platform) will be absolutely jaw-dropping! I almost don't want to share it with you."
"This has to be the absolute best update for YouTube in 2022 and honestly, I'm pumped!","This has to be the absolute best update for (social platform) in 2022 and honestly, I'm pumped!"
Here's the #1 thing to do when you get stuck on creating content that doesn't take that much time.,Here's the #1 thing to do when you get stuck (common pain point/frustration that prevents the viewer from getting the results they want).
You have no idea how important it is to be selfish when it comes to creating peace in your headspace.,You have no idea how important (underrated/underrated topic or subject related to your niche) when it comes to (goal they are trying to achieve).
"The Instagram Updates You Didn't Know Were Coming This Week, But You'll Definitely Want To Prepare, Part 45","(Platform/Website/App/Tools) Updates you didn't know were coming out this week, but you'll definitely want to prepare for (high number)."
"Of all the useful websites I have shared with you, these are my top 5 Top 5 I recommend the most!","Of all the useful (products/sites/books) I have shared with you, these are my Top 5 Absolute, I recommend it the most!"
Thanks Canva for this update. It's finally here people!,Thank you (social media platform/platform/website) for this update. It's finally here people!
Here are some Pinterest influencer tips you probably haven't heard before...,Here are some tips (industry/niche/social platform) you probably haven't heard before…
Things Every College Student Should Know... Part 23,Things Every (Job Title/Industry/Niche/Professional Title) Should Know About...Part (High Number)
Travel secret you need to know!,"(Niche, demographic, type of business) Secret you need to know!"
Do you want to see how I went from university to traveling the world?,I want to see how I (goal are trying to achieve/pursue).
Instagram Growth Ideas You Should Steal and How to Actually Do Them!,(Niche/Demographic/Business Type/Social Platform) Should You Steal and How to Really Do Them!
"Everyone asks me ""How am I always traveling?"" Well...that's how I do it.","Everyone asks me... ""How (a common problem for which I have a unique solution). Well... this is how I do it."
"If you give me 30 seconds, I will show you how I edit all my videos for Instagram and tiktok","Si me das 30 segundos, te mostraré cómo (problema común en nicho)"
Here's a reminder to stop romanticizing the people in your life.,Here's a reminder to stop (the commonly held belief in the niche)
In this video I will show you how to get rid of your social anxiety in 15 seconds or less.,In this video I will show you how to get rid of your (common problem) in 15 seconds or less.
I'm going to share an analogy that is actually going to change the way you do everything in life.,"I'm going to share a (strategy, book, quote) that will actually change the way you do everything in life."
"Things you're probably normalizing that aren't healthy. Fight, fast food and soft drinks",Things you're probably normalizing that aren't healthy. (Quick List Items)
Raise your hand if you hate waking up early.,Raise your hands if you hate this
This is what you do when you're super tired but you only have 8 minutes.,This is what you do when you are (stressful emotion/feeling) but you only have (x) minutes.
I bet $100 bucks you've never heard this before,I bet $100 dollars you've never heard this before.
My hands were so dry I had to do this to fix them,"My ___ were so ___, I had to do this to fix them"
I wasted $$ on expensive coffee until I found this!,I wasted $$ on expensive ___ until I found this!
Try this if you struggle with Cakey Foundation,Try this if you struggle with ___
The ugly truth about the fashion industry,The ugly truth about ___
#1 Mistake everyone makes when choosing a mortgage broker,#1 Mistake everyone makes when ___
#1 Mistake every new homeowner makes,#1 Error every ____ makes
3 mistakes you're probably making when you go to the gym,3 mistakes you are probably making in ___
Are you making this common mistake with your training routine?,Are you making this common mistake with ____?
3 mistakes destroying your reach on Instagram,3 mistakes destroying your____
-,5 mistakes everyone should avoid
This trick will save you hours preparing your food,This trick will save you hours in ____
Do you have trouble going to bed on time? I just found the perfect solution!,Do you have problems with ____? I just found the perfect solution!
Are you tired of greasy SPF moisturizers? Try this!,You are tired of ___? Try this!
This is why your moisturizer doesn't work,That's why your ____ doesn't work
This simple mistake could be costing you gains at the gym.,This simple mistake could be costing you ____
I hate the greasy feel of most SPF products so I started using Brand,I hate ____ so I started using ___
3 Tips to Get Rid of Flaky Skin,3 tips to get rid of ____
You need to see this if you have a hard time going to bed on time.,You need to see this if you struggle with ____
Stop throwing money at expensive SPF humilites,Stop wasting your money on expensive ____
What Most People Are Doing Wrong When It Comes To Their Skin Care Routine,What most people are doing wrong when it comes to their ____
Trying to find the right skincare for your face and want to cry?,Going through ____ and want to cry?
Does anyone else hate it when their SPF makes them break out?,¿Alguien más odia ____?
Why you're not getting clearer and how to fix it,Why you're not getting ____ and how to fix it
"If you are using a mineral SPF, abandon it immediately","If you are using ____, quit immediately"
Are you frustrated because you spend hours on skincare and see no improvement?,Are you frustrated because ____ and you don't get ____?
"Why you always struggle to have clear skin, no matter how hard you try",Why do you always have a hard time doing ____ no matter how hard you try?
Are you missing these products in your skincare routine?,Are you missing these ____ in your ____?
Do you want lighter skin but can't understand what you need to change?,Do you want to ____ but can't understand _____?
"Most people suck at creating good social videos, but if you follow this advice, I promise you won't.","Most people suck at ___ But if ____, I promise I won't."
Wondering how to overcome a plateau in the gym?,Wondering how to overcome ____?
Do you wish you didn't have to plan your meals every week? Follow this easy plan!,I wish you didn't have to ___? Fair _____
This time last year I was struggling with acne. Now look at my skin!,This time last year there was ____. Now I _____
The Real Reason Your Skin Care Routine Isn't Working,The real reason why your ____ doesn't work
"Most people fail when they try to go viral on social media, but here's how to succeed",Most people fail when ____ but here's how to succeed
Most skin problems are gut health problems in disguise,Most ____ problems are _____ problems in disguise
Stop scrolling if you want,Stop scrolling if you want to _____
"3 tips to get silkier, shinier and thicker hair",3 tips to get ____
The #1 Trick for the Perfect Winged Eyeliner,Trick #1 for the perfect ____
How to get the silky hair of your dreams,How to get the _____ of your dreams
If you want silkier shinier hair then you need to try this,"If you want ____, you need to try this"
"If you want a silkier, shinier hair look, then you have to try this shampoo.","If you want ____, then you have to try ____"
Want to up your mascara game?,Do you want to improve your ____ game?
There's no way I'm going back to my old razors,There's no way I'm going back to my old ___
This shampoo has gone viral for a reason,This ___ has gone viral for a reason
Check this out before your next 1 on 1 with your manager!,"Look, I'm before you next ____"
,Stop doing this if you want to ____
The 5-star sneakers you've been waiting for,The 5 stars ____ you've been waiting for
I don't pay attention to trends and neither should you,I don't ____ and neither should you
"I was really nervous about moving to a new city, but this app makes it so easy to make friends","I was really nervous about _____, but _____"
,I never thought I would find ____ that would help me ___
,The best way to move the needle with _____
,"To get ____, do the opposite of what people tell you"
,This is the skill you need to develop if you want to ____
,Here is my cheat sheet to get ____
,Here he explained ____ even if _____
,"Getting ____ is not really about ____, it's about _____"
,Getting ____ is so easy if ____
,Who more wants ____ than doesn't _____?
,In the power ___? Try ___
,Do you want to know the secret to obtaining ____?
,I just found the perfect ____ that helps with ____
,The best thing I did to get ___ was ____
,"I really didn't think I could _____, but then _____"
,I wish I had found this sooner!
,Are you still using ___?
,Call me crazy but I just bought this
,Are you still using your old ____?
,"When I tell you, this product changed my life…"
,Things you didn't know you needed
,I've been looking at these for so long and I've decided to treat myself
,Trying to figure out how I survived so long without ____
,The best ___ I've ever used!
,Best ___ products I've tried that really work
,Why I stopped using ____ and used ____ instead
,This ___ I found is everything!
,"Don't buy ____, buy this!"
,This ___ is my holy grail
,My go to ____ for _____
,I tested every ____ so you don't have to
,What I asked for vs. what I got
,You need this in your life!
,Things that tiktok made me buy
,I just got my ___ and I'm so excited.
,Estos ____ its a gamechanger
,I can't believe I found a ____ that actually ____
,I keep seeing these ____ all over my feed so I had to try them
,I'm obsessed with my new ____ and here's why
,____ is the only product I use for ____
,I've been looking for the best ____ out there
,I tried ____ so you don't have to
,These almost never go on sale.
,This ____ makes the perfect gift for ____
,I ordered this ____ which went viral on tiktok
,I finally got this _____ everyone is talking about
,"Best tiktok shopping finds, ____ edition"
,Things in my daily routine
,I've tried tons of ____ and these are by far the best I've found
,I would cry if someone gave me this.
,Listen to me…
,Things you won't regret buying
,Breaking news!
,The ____ you didn't know you needed
,The best ___ I've ever used is ____ and here's why
,I don't know who needs to hear this but…
,you will never believe it
,Someone needs to say it
,Why doesn't anyone talk about this?
,I need your help
,Do not panic! Let's talk about ___
,"Guys, I was speechless when ___"
,"This is going to be controversial, but…"
,I want to show you something
,I wish I knew this sooner!
,I can't keep this to myself anymore!
,This is a gamechanger
,"We don't realize here, so I'm sharing…"
,This will blow your mind
,You need to stop doing what you're doing because
,"I wanted to see this, but it's too good not to share."
,I promise you've never seen anything like this before
,You don't want to miss this!
,Story time!
,You need to stop doing this!
,Quick reminder!
,Is it just me or ____
,I bet you didn't know this!
,___ People stop moving!
,Hey you! Why are you still ____?
,"This is for ____, so if it's not you, keep scrolling"
,"Wait! Don't go anywhere, I want to show you something"
,One thing about me is ____
,Things worth every penny
,Does this happen to you too?
,"We agreed, right? No more on call"
,Warning! I'm about to be brutally honest
,"I've never told anyone this before, but ____"
,"Unpopular opinion, but ____"
,Let's talk about ____
,I think I'm the only one on this planet who ____
,What happens if I tell you that ____?
,I'm about to answer the best questions you always ask me.
,I realised that ____
,Honest talk. Here is my opinion on _____
,Steal my strategy/technique ____
,This just happened!
,It feels illegal to know this!
,3 red flags when you choose a ____
,The only secret to finally ____
,Do this instead of ____
,3 secrets ____ doesn't want you to know about
,5 Tools You Need to ____
,Here's a secret that others ____ don't tell you
,3 reasons why you need ___
,The most underrated ___
,Everything you know about ____ is wrong!
,You won't believe these ____ myths
,My best advice for
,The easiest way to ____
,Follow this step-by-step process to successfully ____ ____
,Why you should ___
,3 things I wish I knew before ____
,The step-by-step guide to ____
,This is the truth about ____
,3 little-known steps to get _____
,Don't make this mistake by doing ____
,Curious facts about ____
,Things I know at 32 that I wish I knew at 27
,An often overlooked part of ____ is ____
,What is the difference between ____ and _____?
,3 tips you can apply immediately to get ____
,If I could go back to ____ this is what I would do differently
,"If you want your ____ to do ____, you have to ____"
,Mind-blowing fact: ______
,This is what it does with _____ (and it's not what you think it is)
,This is the only real way to ____
,"What do ___, _____ and ____ have in common?"
,"If you have been told that the only way to ___ is ___, you have been lied to."
,3 Ways I Increased My ____ by x% and How You Can Too
,This trick from the x years for ____ still works
,"If you are ____ not ____, you are doing it wrong"
,How to convert ___ to ____
,Early warning signs of ____
,I'm not sure of ____? Try this
,"When ____, what happens to ___?"
,X Annoying truths I don't want to forget
,How to ____ from scratch
,The biggest misconception about ___ is ____
,What you see vs. what you don't
,3 ____ lessons I wish I had learned sooner
,"The good, the bad and the ugly of ____"
,This is what I want everyone to know about _____
,Lies that the industry has been telling you
,Day in the life as a _____
,[Use a response sticker]
,The math behind why _____
,POV: When ____
,Everyone says you should ____ but no one is showing you how
,My toxic trait is ____
,Come with me to _____
,Brace yourself with me as I tell you about ____
,Prepare with me for ____
,Behind the scene of ____
,"If you've ever ___, check this out!"
,Let me tell you about the time when ____
,This video is for those who ____
,If ____ keeps looking
,"If there's one thing my mother taught me about ____, it's ____"
,Let me tell you the story of how ___
,This is your sign of ____
,This is the only thing you need to know about ____
,This is a reminder to do ____
,What would you do if ____?
,Have you ever ___?
,You're crazy if you don't ___
,"Hello, I am ____ and I _____"
,What you see vs. what you don't
,How I went from this to this in just ____
,It's okay ____ if necessary
,The industry ____ 5 years ago vs. today
,What most people think versus reality
,If you're like me and you ____ then you need to see this
,Top 5 ideas for ___